type,rating,budget,reviews
Movie,3,2.04229737453127,41
Movie,3,3.5818988097562574,43
TV show,4,11.353117922545877,53
TV show,4,2.984624749006107,34
TV show,5,1.4199753829089812,60
Movie,1,6.982208600519058,54
Movie,2,6.7239004802838,40
TV show,3,6.779138515199019,53
TV show,5,2.665143768406932,49
TV show,1,5.867704932234913,60
TV show,5,7.408278019938581,23
Movie,4,3.7362984919363815,44
TV show,2,5.3389972371714505,47
Movie,1,7.20628080594487,23
Movie,2,5.945504664587239,62
TV show,3,5.946475404570574,26
TV show,3,5.120445598797656,40
Movie,5,3.6566359181259585,22
TV show,1,0.5284134225821501,37
TV show,3,4.405730444080883,27
Movie,3,0.9355560812403818,59
TV show,4,2.9038228998299616,81
Movie,2,8.332055073714837,65
TV show,1,2.1718986703728405,35
Movie,3,1.7175223628676166,45
Movie,2,0.7640582301905912,50
TV show,5,0.9823398676030264,22
TV show,1,8.769527699631103,49
Movie,3,9.971149308579283,79
TV show,1,2.1248995495994363,71
Movie,2,1.2703342980110863,59
Movie,4,4.180609001939486,80
TV show,4,9.982643920258779,71
TV show,5,1.1133167788880987,30
TV show,3,2.144529766476688,49
TV show,5,4.840098401787362,73
TV show,4,1.517985789050468,74
Movie,2,8.718296698314676,50
TV show,4,8.84906866073452,81
TV show,4,7.967249799742888,46
TV show,1,0.24597333743659272,56
TV show,3,6.369965518551974,48
Movie,4,7.757017491723834,42
TV show,4,1.0206378309067567,51
Movie,5,0.9581058496717447,60
Movie,3,0.6738940535966589,26
TV show,4,6.8957941723395555,66
TV show,3,2.7005912157489678,40
TV show,4,4.5659976754697515,51
TV show,4,1.7111262680353376,40
TV show,4,4.269117236739758,49
TV show,2,6.199629356992556,54
Movie,2,3.7504404943395806,86
TV show,5,1.4279511881830065,45
Movie,1,2.3846515891398874,40
TV show,5,6.071995226804526,72
TV show,1,2.676399955571981,42
Movie,1,3.3228645656688944,51
Movie,4,1.7566222535876275,24
Movie,1,6.66670012407007,27
TV show,2,5.2475617117960525,71
Movie,3,1.0068403234342203,39
TV show,5,2.1162747492413896,18
Movie,2,5.069712768941358,42
TV show,4,5.094723621876422,45
Movie,5,3.6051366104312277,28
Movie,1,1.4690968284906092,54
Movie,4,2.26839721030876,85
Movie,2,7.800077559224214,43
TV show,2,2.897881498166836,22
Movie,1,0.9927061461350086,27
Movie,5,4.417219967885221,25
Movie,4,3.383703711875918,30
TV show,3,11.169986158887292,85
TV show,5,2.332935774857434,26
TV show,1,3.650317511094173,77
Movie,2,0.7092319582169432,55
TV show,1,7.458920601611498,20
TV show,4,1.687025662599154,51
TV show,4,0.19474551126958967,66
Movie,4,6.003693666752977,31
TV show,5,1.567969732863988,44
TV show,4,5.03237873220826,38
Movie,5,1.7878736810718048,47
Movie,1,5.841696366342134,63
TV show,3,3.2181440132881685,71
Movie,3,2.647364839944411,22
TV show,4,2.3374850773934015,35
Movie,2,6.72770988441216,48
TV show,4,2.6437121152998584,48
TV show,2,6.568632278516161,47
Movie,2,2.0547307619064497,56
Movie,5,0.5907725013500194,91
Movie,1,0.29099158163840544,76